{
  "c_d": 2.221006124373437,
  "c_h": 36.66008911485325,
  "c_scan": 2.221006124373437,
  "dataset_id": "real-pgvector-readme",
  "delta_strict": 0.0,
  "hardware_id": "local-docker-pgvector",
  "index_method": "hnsw",
  "recall_curve": [
    [
      20,
      0.10000000000000002
    ],
    [
      40,
      0.18333333333333335
    ],
    [
      80,
      0.31666666666666665
    ]
  ],
  "version": 1
}
