{
  "c_d": 2.5959489327804484,
  "c_h": 96.82095023013892,
  "c_scan": 2.5959489327804484,
  "dataset_id": "real-pgvector-readme",
  "delta_strict": 0.0,
  "hardware_id": "local-docker-pgvector",
  "index_method": "hnsw",
  "recall_curve": [
    [
      20,
      0.2333333333333333
    ],
    [
      40,
      0.4666666666666666
    ],
    [
      80,
      0.85
    ]
  ],
  "version": 1
}
