{
  "c_d": 0.15286800790325766,
  "c_h": 4.375399843275645,
  "c_scan": 0.15286800790325766,
  "dataset_id": "synthetic-readme",
  "delta_strict": 0.0,
  "hardware_id": "github-readme-synthetic",
  "index_method": "hnsw",
  "recall_curve": [
    [
      10,
      0.075
    ],
    [
      20,
      0.1708333333333333
    ],
    [
      40,
      0.32083333333333336
    ],
    [
      80,
      0.4875
    ],
    [
      160,
      0.5750000000000001
    ]
  ],
  "version": 1
}
